"","horizon","mse","rmse","mae","mape","mdape","smape","coverage"
"1",37,0.154643039335111,0.393246791894239,0.309211414249569,0.242759855297055,0.19597772741107,0.244901184819888,0.775355969331873
"2",38,0.153882027908153,0.392277998246336,0.308458699330918,0.242673004060095,0.197092269552875,0.245065794800888,0.774070193818753
"3",39,0.154199151270784,0.39268199764031,0.309207477374139,0.243400844696051,0.199543182454986,0.245984205147261,0.769460450497643
"4",40,0.156129236773327,0.395131923252636,0.310694074961036,0.243927963414577,0.199921100553977,0.246863704573926,0.765512048192771
"5",41,0.157347794654125,0.396670889597567,0.311452518390625,0.243858061037822,0.201317731083173,0.247148367971597,0.762212486308872
"6",42,0.158463589543434,0.398074854196336,0.312012641728682,0.243968863090969,0.200346776986857,0.24768856496347,0.757228915662651
"7",43,0.160310207058411,0.400387571058857,0.3137104701054,0.244915947756513,0.200346776986857,0.24843405799112,0.752259036144578
"8",44,0.161938713004492,0.402416094365635,0.315524601869163,0.245860731800343,0.204480388489681,0.249360634579334,0.749069003285871
"9",45,0.162012190969989,0.402507380019285,0.316172223286126,0.246729734855873,0.205879467358788,0.250461825602526,0.747676419965577
"10",46,0.162410122804341,0.403001393055088,0.317444369043773,0.247550747192916,0.211528726460412,0.251610605589458,0.745678365636459
"11",47,0.163977801684227,0.404941726281976,0.318986486959031,0.248051431285031,0.212766026987473,0.252561174549535,0.743574297188755
"12",48,0.164885885596918,0.406061430816715,0.319536209479882,0.247931283082675,0.211681381801925,0.252769050913481,0.73995983935743
"13",49,0.165192400914075,0.4064386803862,0.319498954206128,0.247679658864631,0.213024137671482,0.252895150078195,0.738449449973808
"14",50,0.166589248123075,0.408153461486087,0.320553040646255,0.24830011134645,0.211986876963022,0.253178423231213,0.734036144578313
"15",51,0.167606925346585,0.409398247854805,0.32185703893827,0.249351725739917,0.213487461048852,0.254308183258607,0.73006809848088
"16",52,0.167380555384158,0.409121687746027,0.321925795652175,0.249837298513441,0.214789915849228,0.254926968327648,0.726453640649555
"17",53,0.168505892656044,0.410494692603989,0.323551775914777,0.251123254277533,0.219068040889461,0.256234538117261,0.720865279299014
"18",54,0.169892548445187,0.412180237814948,0.324699834049693,0.251808372189716,0.220384067699967,0.257086989948506,0.716666666666667
"19",55,0.170038005137019,0.412356647984507,0.324344943485497,0.25093604935687,0.220161797494542,0.25618323468833,0.714859437751004
"20",56,0.170279815976774,0.412649749759738,0.323982622823262,0.250050542199449,0.219068040889461,0.255400589166338,0.712362493452069
"21",57,0.171430782225378,0.414042005387591,0.324978158961282,0.25080871100892,0.219544366834909,0.255704597659207,0.70916710319539
"22",58,0.172304104922376,0.415095296193989,0.326346845879669,0.25216806325341,0.222719360109853,0.256937617364605,0.706809848088004
"23",59,0.172083281773019,0.414829220008691,0.326450554276348,0.252766958456093,0.223941688903696,0.25758916637184,0.705605028810896
"24",60,0.172256624961911,0.415038100614763,0.326783764495651,0.253059173972701,0.225103682616191,0.257671848126518,0.705605028810896
"25",61,0.17341632274132,0.416432855021454,0.327717022848325,0.253776608509918,0.226938037462721,0.2584512197445,0.70527108433735
"26",62,0.173273602725901,0.416261459573068,0.327014204265698,0.253136811731509,0.226938037462721,0.257633115707121,0.706325301204819
"27",63,0.172986448916733,0.41591639654711,0.32651726892795,0.252662989071424,0.225224119991171,0.257331670592593,0.704347826086957
"28",64,0.173876710363754,0.416985263964752,0.327656147397758,0.254124864823297,0.226564393050707,0.258573179157544,0.702252488213724
"29",65,0.174422361472823,0.417639032506329,0.328881339911709,0.255665955348433,0.229268725923719,0.259943873996056,0.702409638554217
"30",66,0.17478516813478,0.418073161222746,0.329309882662357,0.25657180134649,0.231624633499195,0.26079230029801,0.700602409638555
"31",67,0.175534350356205,0.418968197308823,0.330272948261668,0.257432624251205,0.23693326859116,0.26135551174004,0.698192771084338
"32",68,0.176169347966052,0.419725324427836,0.331214907588341,0.25848945388794,0.23693326859116,0.262215816379609,0.697590361445783
"33",69,0.176581621058887,0.420216159921161,0.331475317439147,0.258945188236269,0.234931309355597,0.26284459016367,0.697171293871137
"34",70,0.175590947923997,0.419035735855544,0.330249863998643,0.258544146867016,0.231708858502367,0.262755661003665,0.698192771084337
"35",71,0.176048908402094,0.419581825633683,0.33055845396288,0.25930284496913,0.231708858502367,0.262782339421474,0.69937139863803
"36",72,0.176336321801519,0.419924185778241,0.331025475042551,0.260352293624797,0.23693326859116,0.263211280640033,0.70065717415115
"37",73,0.175838481869421,0.419330993213501,0.331101523030438,0.261356713412483,0.237777242360303,0.264098350570215,0.698138006571742
"38",74,0.175850761725627,0.419345635157477,0.331748145872598,0.262390137078658,0.238332207511682,0.264951387348557,0.695233106338397
"39",75,0.17712726589219,0.420864902186188,0.333085580591325,0.263508652235866,0.23868823453327,0.265982442553133,0.694552121529597
"40",76,0.176875018629253,0.420565118179401,0.332914576539364,0.263468333141268,0.238633196685097,0.26614960157483,0.695337873232059
"41",77,0.176006618286226,0.41953142705431,0.332277716681693,0.263193849310532,0.237777242360303,0.266071584956514,0.69607124148769
"42",78,0.176103932236285,0.41964739036039,0.332348623755292,0.263593016379139,0.232195539100122,0.265859940630096,0.697328444211629
"43",79,0.176749861129921,0.420416295033769,0.333179446822848,0.264730134240449,0.234843900025221,0.266397944728006,0.696659364731654
"44",80,0.176569621558388,0.420201881907243,0.332995457062107,0.2650447668634,0.232195539100122,0.266262349678988,0.695301204819277
"45",81,0.175841467658479,0.419334553380089,0.332811165963325,0.265317047630943,0.231704583758981,0.266867500237915,0.691237677984666
"46",82,0.177168550244773,0.420913946365255,0.334179491599643,0.266208694571447,0.232195539100122,0.267976102558049,0.68785140562249
"47",83,0.178104736687951,0.42202456882029,0.334817355597085,0.266704465950854,0.232195539100122,0.268625881430391,0.687048192771084
"48",84,0.177617387346513,0.421446778782935,0.333868835145192,0.265899301197784,0.23154164894055,0.268052234270941,0.68679718875502
"49",85,0.178648683166759,0.422668526349857,0.335020417116892,0.267020411656681,0.228062540264338,0.268762988613796,0.684704033525406
"50",86,0.179691797346613,0.42390069278855,0.336353029505985,0.268527742271276,0.230256100164055,0.269692287251386,0.683761131482451
"51",87,0.180494902184413,0.424846916176183,0.337581551926807,0.270018103690481,0.231314555790014,0.271169874227885,0.683394447354636
"52",88,0.181551163695483,0.426088211166987,0.339107025326282,0.2715138530728,0.23154164894055,0.272567875466635,0.681822943949712
"53",89,0.182632790852568,0.427355578941668,0.340506115331993,0.272532449456651,0.231565967663194,0.273938193642993,0.681561026715558
"54",90,0.183350273993991,0.42819420126152,0.341019071653902,0.272776134887345,0.231565967663194,0.274437639096406,0.683077765607886
"55",91,0.183133178733602,0.427940625243272,0.34053448256473,0.272679561357635,0.228789716729601,0.274745867903094,0.683184913567313
"56",92,0.184713456748418,0.429783034505107,0.342177264308879,0.27451975034624,0.225708409007642,0.276354897291927,0.682661079099005
"57",93,0.186191467290249,0.431499093035256,0.344467084602831,0.2771961143748,0.23154164894055,0.278565056159044,0.682294394971189
"58",94,0.187130670643742,0.432586026870659,0.346074671595911,0.278854867419283,0.232195539100122,0.280295149803814,0.679518072289156
"59",95,0.187706587219194,0.433251182594109,0.347074309829957,0.279710172241482,0.233733968486824,0.281404554333556,0.677475117862755
"60",96,0.188650310552841,0.434338935110405,0.34873405112679,0.280767206906902,0.233733968486824,0.28290014685637,0.677737035096909
"61",97,0.189816344087024,0.435679175640774,0.349902915234464,0.281552954381851,0.235203688580209,0.284345245269741,0.675401606425703
"62",98,0.190529841149873,0.436497240712783,0.350164853783671,0.281418523234769,0.231682432968425,0.284830794519084,0.673767798466594
"63",99,0.192220937184201,0.438430082435273,0.351926778611704,0.282772047370273,0.231565967663194,0.286280662773328,0.671084337349398
"64",100,0.193584884743674,0.439982823237083,0.353783657863714,0.284850199739287,0.231682432968425,0.288043355677717,0.671084337349398
"65",101,0.193216214709685,0.43956366400066,0.353826868192129,0.285484153360602,0.231565967663194,0.288839169577233,0.670700985761227
"66",102,0.193275549095234,0.439631151188396,0.354619616168999,0.286120938478233,0.233778072549578,0.289872126666434,0.667469879518072
"67",103,0.193014666229733,0.43933434446869,0.355098114575637,0.286486402147605,0.235203688580209,0.290849635884422,0.670208105147864
"68",104,0.193604203079347,0.440004776200608,0.355679260430946,0.286527212322139,0.232646373500845,0.291833231328422,0.672289156626506
"69",105,0.194664062545244,0.441207505087168,0.356271663306615,0.286521838316158,0.231328785001155,0.292790069374481,0.670246202200105
"70",106,0.195624624737951,0.442294726102348,0.357062141291519,0.28702685393921,0.228370392499957,0.293021890564681,0.671398638030383
"71",107,0.197461020104915,0.444365862893309,0.359310206845034,0.288799062287047,0.231328785001155,0.294252120400176,0.66987951807229
"72",108,0.19671247016955,0.443522795546689,0.359123075077823,0.288462865110614,0.230767960433962,0.294143964608548,0.669550930996714
"73",109,0.196533368741925,0.44332084176353,0.359768329846559,0.289038578906271,0.230767960433962,0.295322164958197,0.669146149816658
"74",110,0.196271983783359,0.443025940305259,0.359862622169973,0.288769165888463,0.229157048374899,0.295757671337919,0.672760607647983
"75",111,0.196623791571718,0.443422813544497,0.360262286231195,0.288716472227102,0.227723075616678,0.296303267620032,0.675117862755369
"76",112,0.196572657612048,0.443365151553489,0.359984426858928,0.288017921369816,0.224600989642621,0.296188194328954,0.676670317634173
"77",113,0.197841294868931,0.444793541847149,0.361048927671931,0.288734202337719,0.222210012559954,0.29647945501971,0.677841801990571
"78",114,0.197820799049524,0.444770501550545,0.361283962587244,0.289187424160711,0.221914929115917,0.296584335807986,0.68105147864184
"79",115,0.196460185573989,0.44323829434514,0.360379887483462,0.28900078308608,0.220325793879549,0.296770490466879,0.681927710843374
"80",116,0.195615051682958,0.442283903938362,0.360213342723624,0.288773456217598,0.219475880812718,0.297061363387263,0.684008762322015
"81",117,0.195090009058985,0.441689946748831,0.360497478310487,0.288897361773539,0.217867423576274,0.297959765433333,0.687637506547931
"82",118,0.194648381526718,0.441189734158353,0.359946891475596,0.28828356337697,0.215899775326244,0.297567001195357,0.693537787513691
"83",119,0.194015252898822,0.440471625532022,0.359257930752246,0.287607802724951,0.214458126983275,0.296938464968204,0.696280775275013
"84",120,0.193752468714028,0.440173225803238,0.359319528763225,0.287674982599046,0.213784877554806,0.296672387185597,0.697042716319825
"85",121,0.194483303847233,0.441002612063957,0.36087473551744,0.289238118085145,0.213784877554806,0.297729968548615,0.697699890470975
"86",122,0.194462030182365,0.44097849174576,0.361250653512335,0.28955457927056,0.21363036683268,0.298237615556677,0.699057097957045
"87",123,0.193775917757768,0.440199861151464,0.361106332491997,0.289100589252089,0.213481836753992,0.298276026161704,0.699945235487404
"88",124,0.192593451806714,0.438854704665125,0.360612224012559,0.288123529901111,0.214172461614148,0.297864150370315,0.703395399780942
"89",125,0.191378948800535,0.437468797516502,0.359495107216246,0.286856264311719,0.211631187398934,0.297176097107196,0.706736035049288
"90",126,0.191260885019731,0.437333837039545,0.359362522911838,0.286334972608855,0.212474151657875,0.29705024557211,0.707279116465863
"91",127,0.191445173084065,0.437544481263408,0.359784215333811,0.286382861238433,0.211631187398934,0.296849316289181,0.706652697747512
"92",128,0.19166183129615,0.437791995468339,0.360480798793867,0.28673197351194,0.212474151657875,0.296815825779297,0.707745266781412
"93",129,0.191836016166089,0.437990885939524,0.360891627644767,0.286902040062061,0.213027155865801,0.297254248332577,0.707119386637459
"94",130,0.191490664755846,0.437596463372188,0.360579797490481,0.286336198661853,0.213027155865801,0.297253591519347,0.708981380065717
"95",131,0.191182900441877,0.437244668854724,0.36042618731549,0.285496592694131,0.212474151657875,0.296500257558048,0.712467260345731
"96",132,0.191027260102543,0.437066654072972,0.360256527946702,0.284997356646032,0.211466841443111,0.296278879090709,0.715361445783132
"97",133,0.190888645670919,0.436908051735052,0.359568855088086,0.284112622861634,0.210030772128303,0.295840818569563,0.715767417496071
"98",134,0.19012273614209,0.43603065963541,0.35889129781887,0.283315712285335,0.207732952767496,0.295035500941687,0.718543740178104
"99",135,0.190427345601192,0.436379818049818,0.359428915640992,0.28370088913556,0.209000195873929,0.29485706501654,0.719678714859438
"100",136,0.191158859000465,0.437217176012637,0.360096279008307,0.284217408200706,0.209000195873929,0.295522632209506,0.720010476689366
"101",137,0.191556555626582,0.437671744149176,0.36055822133547,0.284224544353468,0.209417546151205,0.295889088734732,0.719277108433735
"102",138,0.192057799467806,0.438243995358529,0.361359325463863,0.284230175032205,0.210030772128303,0.296279515892217,0.720331325301205
"103",139,0.192661744206666,0.438932505297416,0.361671662582472,0.284191633099848,0.210030772128303,0.296373073692083,0.721084337349398
"104",140,0.193794567112035,0.440221043467978,0.362231401152658,0.283924788010932,0.209417546151205,0.296450988616679,0.718624497991968
"105",141,0.19460127757527,0.441136348054963,0.363157110570995,0.284481093289403,0.209417546151205,0.296667270807033,0.718124672603458
"106",142,0.194873288326976,0.441444547284226,0.36363601890669,0.284925772888061,0.209806552980642,0.296633700795659,0.719905709795705
"107",143,0.19596755053723,0.442682222974031,0.364479612940378,0.28566352924428,0.210398627600879,0.297474988325052,0.718455640744798
"108",144,0.19653426415986,0.443321851660687,0.364974258677254,0.28586190689823,0.210030772128303,0.29793887926574,0.71790017211704
"109",145,0.19762446720856,0.444549735359904,0.366412303973434,0.286710849387381,0.21070726543669,0.299253590282768,0.716657936092195
"110",146,0.198927261419656,0.446012624731247,0.367418922679516,0.28708811760598,0.21070726543669,0.299694306511557,0.714824515453117
"111",147,0.201196786073556,0.448549647278376,0.368879954461888,0.287874669004925,0.21070726543669,0.300735541403561,0.712676794133054
"112",148,0.201906026054668,0.449339544281013,0.36932408148842,0.287977364818785,0.210030772128303,0.300509333925729,0.712600401606426
"113",149,0.202522456597968,0.450024951083791,0.370012703993884,0.288574599974701,0.210398627600879,0.30063047115896,0.709748083242059
"114",150,0.201775213514184,0.449193959792631,0.369121084714406,0.288332749577275,0.21070726543669,0.300442943646133,0.706681270536692
"115",151,0.202791629663528,0.450323916379674,0.369767394670775,0.288472065927753,0.212607726761305,0.300304831396554,0.702352266207688
"116",152,0.204852508846004,0.452606350867952,0.371774057852285,0.28921003536971,0.213441889844358,0.301331651130702,0.700050200803213
"117",153,0.206373554309069,0.454283561565977,0.372633489585676,0.289597870107641,0.214163965065761,0.301825819356194,0.697289156626506
"118",154,0.208633467057384,0.456764126281152,0.373922116793398,0.290307532091018,0.213817168048184,0.302919991366669,0.694342587742273
"119",155,0.210033867787606,0.458294520791604,0.374763882410999,0.290696286239543,0.214625011464634,0.302991103033315,0.692426850258176
"120",156,0.211137819397691,0.459497355158538,0.375510429128941,0.291150441988936,0.215994384049567,0.303277656054719,0.689375684556408
"121",157,0.212201910565196,0.460653786009837,0.375807323006819,0.291175471197282,0.215994384049567,0.303476129290891,0.687166055526454
"122",158,0.21229127122321,0.46075076909671,0.375451382578844,0.29057285358757,0.216333772022935,0.303395511766357,0.684861183865898
"123",159,0.213506910016305,0.462068079417206,0.376040470863448,0.290347028014881,0.216639838943115,0.303571967216481,0.68368017524644
"124",160,0.215898009234896,0.46464826399643,0.377297627381247,0.290972440964996,0.216333772022935,0.304231605103442,0.682279116465864
"125",161,0.218447116557586,0.46738326516638,0.378198162177347,0.290951309174816,0.215820195571291,0.30413817449985,0.679572836801753
"126",162,0.219469204313618,0.468475404171466,0.378005297520493,0.290700820452911,0.215189182168931,0.303572279867685,0.67991967871486
"127",163,0.220695172224342,0.46978204757562,0.378685455002164,0.291148217149253,0.215624684475784,0.303647461984846,0.679408543263965
"128",164,0.221689909239767,0.470839579092249,0.378705916896012,0.290925506676015,0.215624684475784,0.303647559216777,0.679308538501833
"129",165,0.222106495411066,0.471281757986733,0.37844432759537,0.290109245042531,0.215859214515337,0.303267987523185,0.681380065717415
"130",166,0.22213606307254,0.471313126352895,0.377735821311769,0.289310009670877,0.215078571030915,0.302854347102065,0.682146768893757
"131",167,0.2239079912265,0.473189170656409,0.378633185846972,0.289859414823915,0.214904413209223,0.303383224358421,0.681599123767799
"132",168,0.22536682741487,0.474728161598688,0.378887831998985,0.290042055394476,0.214904413209223,0.303847516445632,0.680880041906758
"133",169,0.225518643567295,0.4748880326638,0.37844497121015,0.289554022990038,0.214904413209223,0.302874159385272,0.683734939759036
"134",170,0.225521873442478,0.474891433321847,0.378289901573337,0.289557704418296,0.215624684475784,0.302671995846783,0.684509466437178
"135",171,0.226211160908274,0.475616611261922,0.378615687593609,0.289753179132042,0.215859214515337,0.302867979327282,0.683493975903614
"136",172,0.225260830061156,0.47461650841617,0.377883886003397,0.288920242322218,0.215624684475784,0.302278701495191,0.68526834611172
"137",173,0.225425622141181,0.474790082184938,0.378050406847568,0.288626719564153,0.216182574918196,0.30226405225292,0.688353413654619
"138",174,0.225789084810395,0.475172689461837,0.377917159922535,0.288302525521294,0.215624684475784,0.302080752914173,0.691042430591933
"139",175,0.226957503030819,0.476400569931249,0.37817102053596,0.288367398590268,0.215078571030915,0.302149617947978,0.691967871485944
"140",176,0.226638193792472,0.476065325131407,0.377451863478659,0.28788589193783,0.214647928258583,0.300885335149856,0.692666317443688
"141",177,0.226251696024301,0.475659222578834,0.377061135722801,0.287798261201452,0.214056074298783,0.300551671460489,0.693263964950712
"142",178,0.226651437620512,0.47607923460335,0.377056053950106,0.287661667311334,0.213900507979736,0.300561127366326,0.6947426067908
"143",179,0.225738172227716,0.475119113725933,0.376521316183926,0.286835001120878,0.213900507979736,0.300037909535117,0.697645125958379
"144",180,0.225251461492048,0.474606638693612,0.376226549669665,0.286265739522232,0.213900507979736,0.29981548147926,0.7
"145",181,0.226490336634729,0.475910008966747,0.377022827181304,0.287065742367594,0.214056074298783,0.300396519523195,0.700803212851406
"146",182,0.227099731580459,0.476549820669842,0.37729080727056,0.287385474715066,0.214253049823598,0.300732280364218,0.702738225629792
"147",183,0.225505111736487,0.474873785059238,0.375872936577219,0.286638462409203,0.214253049823598,0.299196569817898,0.703981141959141
"148",184,0.225051939124026,0.474396394509935,0.37563773621815,0.287010451002297,0.214785507025113,0.299321740568623,0.705290728129911
"149",185,0.225749208117539,0.475130727397776,0.376088161881571,0.287376899822128,0.214785507025113,0.299837159886634,0.708957569408067
"150",186,0.226656055059863,0.476084084022836,0.376979026614786,0.287537139615457,0.215036959906932,0.300175502524717,0.712794033275961
"151",187,0.226655375408287,0.476083370228668,0.377197371958695,0.287805439061849,0.21532172886664,0.300902231041893,0.71566265060241
"152",188,0.226983700380069,0.476428064223834,0.377266680937565,0.288360014213831,0.215859214515337,0.301096844326312,0.716465863453815
"153",189,0.227093911242465,0.476543713884115,0.377127107367426,0.288509648990742,0.216055911621426,0.301380589086884,0.717921686746988
"154",190,0.225612304065823,0.474986635670755,0.375841498860125,0.288011265326687,0.216055911621426,0.300004713402649,0.720429544264013
"155",191,0.225168802776135,0.474519549414073,0.376046125996185,0.288809716442076,0.21664323441049,0.300413368494369,0.720586694604505
"156",192,0.224970683789209,0.474310746019114,0.376082298909071,0.289136197596208,0.21664323441049,0.300639050318476,0.723886851754845
"157",193,0.224759658174523,0.474088238806367,0.376187864540998,0.289214283016884,0.21664323441049,0.300795592338886,0.726453640649555
"158",194,0.224373357629986,0.473680649414757,0.376103572009225,0.289179393205547,0.216992819940806,0.300720827022571,0.729682365826944
"159",195,0.224284797105674,0.473587158932413,0.376163803271006,0.28984231750556,0.217520852902843,0.301025645584645,0.729718875502008
"160",196,0.223996759898598,0.473282959653734,0.376063876310706,0.290167956522092,0.217704041269123,0.301324494350326,0.728564257028112
"161",197,0.221495644536547,0.470633237815337,0.374648194643668,0.290029091440948,0.218006007723831,0.300852850971196,0.730941949616648
"162",198,0.220931894037858,0.47003392860288,0.375649157219632,0.291315576944194,0.218656069131131,0.301779286746024,0.734118291347207
"163",199,0.220783476074,0.469876022024959,0.375880703252172,0.291636927165586,0.218338092825013,0.302018503719326,0.736877946568884
"164",200,0.220396125127987,0.469463656876639,0.375904241735517,0.291681683202173,0.218899889712172,0.302107977290556,0.740261044176706
"165",201,0.220329353549653,0.4693925367426,0.375957630128795,0.291668419925242,0.219043399275584,0.302356776258731,0.741292442497262
"166",202,0.220930667780664,0.470032624166307,0.376945336244788,0.292543468128161,0.220197492936286,0.302937982592618,0.743222891566265
"167",203,0.221008812729771,0.470115743971387,0.377116529388074,0.292974628705593,0.221179279141845,0.303378347552453,0.743222891566265
"168",204,0.219951770246875,0.468990160074681,0.376884721449451,0.293182688412362,0.221950409940522,0.302923578300724,0.74379256155055
"169",205,0.220210435976682,0.469265847869501,0.378176827403625,0.294610049470791,0.224190710865708,0.304180881800533,0.740332759609868
"170",206,0.221477181821681,0.470613622647795,0.379486900010596,0.295491452525111,0.225821108335457,0.304840288678807,0.740020953378732
"171",207,0.221829389187256,0.470987674135168,0.379715600424377,0.295369793771332,0.225821108335457,0.304804162651318,0.741265060240964
"172",208,0.222772869813366,0.471988209400792,0.380201224284372,0.295512660334868,0.228476741076004,0.305198464910599,0.73986380303824
"173",209,0.223772442619805,0.47304592020205,0.38083492814532,0.296235865656199,0.228538066390456,0.305816285070326,0.737454164484023
"174",210,0.223605195172463,0.472869109979139,0.381104812291019,0.297208040957483,0.228586836193241,0.306619935832258,0.734287148594378
"175",211,0.222359096541509,0.471549675582021,0.380221526218643,0.296474745854407,0.228740128685133,0.305016408208545,0.734884994523549
"176",212,0.222430029542621,0.471624882234409,0.380958626201633,0.296941399982157,0.231519263027565,0.305208101835262,0.735673127291776
"177",213,0.223472347033082,0.472728618800557,0.381641865847838,0.296698389090536,0.233868209024221,0.304739667395255,0.736418400876232
"178",214,0.223710242711877,0.472980171584262,0.381545079711946,0.296200310723165,0.232687798195943,0.304371556855916,0.733283132530121
"179",215,0.224930781676786,0.474268680893843,0.382101883872743,0.296073224660902,0.234975433460576,0.304551957402544,0.730722891566265
"180",216,0.22692211010466,0.476363422299256,0.383425377273334,0.29690600402461,0.235852239560005,0.305216125538206,0.729282346778418
"181",217,0.22765823314217,0.477135445279609,0.383736538171635,0.296802872917413,0.234975433460576,0.305213670117542,0.728062248995984
"182",218,0.226252218205094,0.475659771480724,0.382494338603634,0.295928397446933,0.232461094919117,0.303976994712346,0.727710843373494
"183",219,0.226888488166512,0.476328130773852,0.383887211231009,0.296996574468022,0.233868209024221,0.305133241171878,0.724934520691461
"184",220,0.229048157000823,0.478589758562407,0.385472770449739,0.297429445932179,0.234687918250696,0.305859703644843,0.724672603457307
"185",221,0.229813378233829,0.479388546206341,0.385803481681608,0.296895166345571,0.234687918250696,0.305623905682723,0.721686746987952
"186",222,0.231071089834655,0.480698543616116,0.38680633815813,0.29721155729932,0.234419249749335,0.306450744659736,0.718975903614458
"187",223,0.233497083289687,0.483215359120224,0.388963146897036,0.298802390589132,0.233868209024221,0.308080030976116,0.716265060240964
"188",224,0.235206182598251,0.484980600228763,0.390506811360709,0.299433728559961,0.233286019893368,0.308719182806102,0.715400733368256
"189",225,0.235152179160998,0.484924921158933,0.391011029608192,0.299713161911779,0.232461094919117,0.308655697357265,0.716538882803943
"190",226,0.235815264626742,0.485608138962623,0.392223821546212,0.300458374916783,0.234419249749335,0.309628320585291,0.71440544787847
"191",227,0.23751887406131,0.487359081234063,0.393314104981229,0.300693721763899,0.23536916947904,0.310371015040403,0.714195914091147
"192",228,0.23808979070257,0.487944454525892,0.393371584414574,0.300275716882901,0.236592918395758,0.310392765930728,0.712310110005238
"193",229,0.23838799227244,0.488249928082371,0.393558605811062,0.300208894231708,0.235568042375462,0.310900882067982,0.71110529072813
"194",230,0.240404034226627,0.490310140856404,0.395067250371985,0.30154561055519,0.237457233229442,0.312215880140958,0.711144578313253
"195",231,0.241590686372802,0.491518754853568,0.396246408506556,0.302556453687458,0.238171564287799,0.313633731114611,0.713253012048193
"196",232,0.24101204889244,0.490929780001621,0.395978125184251,0.30239918724899,0.238635207771717,0.313122204770724,0.714056224899598
"197",233,0.24270447898676,0.492650463297012,0.397858542512716,0.303873871676719,0.239710420285916,0.314519400167439,0.713362541073385
"198",234,0.244433411783907,0.494402075019824,0.398988509624175,0.304669981278148,0.240548951042612,0.315601830889001,0.707490832896804
"199",235,0.24411754659941,0.494082530149984,0.398370995998366,0.304066538469353,0.240338954041445,0.315425549086335,0.704714510214772
"200",236,0.244305536068027,0.494272734497895,0.398343385921308,0.30381997770967,0.239881503502761,0.315785196976634,0.701571503404924
"201",237,0.245926109402223,0.495909376199143,0.399786926023419,0.305413568832959,0.239616020037905,0.317155488330161,0.695756940806705
"202",238,0.246929054447481,0.496919565369971,0.401021888879084,0.306767681978494,0.238635207771717,0.318800391264737,0.6929718875502
"203",239,0.246330901365324,0.496317339376053,0.400766158248373,0.306732350879773,0.236924208577794,0.318366175664269,0.692218875502008
"204",240,0.246831978783377,0.496821878326002,0.401500257871543,0.307220328331999,0.236592918395758,0.318308981668533,0.69088528025144
"205",241,0.248237839559855,0.498234723358233,0.402518655737213,0.308183258027444,0.237638539636152,0.319453083002607,0.691775798847564
"206",242,0.247680121349391,0.497674714396252,0.40193008282003,0.308115940800348,0.236592918395758,0.31968526034874,0.693294918805658
"207",243,0.247432342481376,0.4974257155409,0.401802314992312,0.30811646409627,0.234448063928327,0.320264468543658,0.692168674698795
"208",244,0.248873377184867,0.498872105037821,0.403215425567785,0.309872526613155,0.234687918250696,0.321860943229902,0.691516064257028
"209",245,0.249496497956655,0.499496244186736,0.404018813974302,0.311100561683992,0.234688358110135,0.323159380888201,0.691775798847564
"210",246,0.250077840902036,0.500077834843773,0.404436507021253,0.311554727100277,0.236706343051988,0.323073842297329,0.694237820848612
"211",247,0.251139999336421,0.501138702692599,0.405919078556078,0.312727147818999,0.236706343051988,0.323577469778046,0.694633077765608
"212",248,0.251970756173926,0.501966887527381,0.407057566496773,0.314102990946424,0.23605128108002,0.32474276228112,0.694492254733219
"213",249,0.25217434569759,0.502169638366946,0.407170671152372,0.314716501138664,0.234688358110135,0.32604488187554,0.692552026286966
"214",250,0.251187927161875,0.501186519333745,0.406642855635267,0.314849086387235,0.234615244479859,0.32686259961134,0.695180722891566
"215",251,0.252106153555129,0.502101736259823,0.407639260892819,0.316623228191118,0.234615244479859,0.328293837054764,0.695495023572551
"216",252,0.252425695480128,0.502419839855204,0.407952952393178,0.317844114736261,0.234688358110135,0.329231826583733,0.695128339444735
"217",253,0.251637225976145,0.501634554208684,0.40771989133962,0.318293860026166,0.234851946059835,0.329140678685252,0.695809324253536
"218",254,0.25222251144627,0.502217593724344,0.409138327208549,0.319665519693314,0.23605128108002,0.330053100092725,0.697171293871137
"219",255,0.253966998385033,0.503951384942072,0.410820003867661,0.321166649081018,0.237560898942664,0.331616898512367,0.698192771084337
"220",256,0.253095722047085,0.503086197432492,0.410046149609032,0.320898653358107,0.238516565189946,0.331798440371782,0.7
"221",257,0.252097264962244,0.502092884795477,0.409411402929587,0.320665439562842,0.237560898942664,0.331985362521168,0.700209533787323
"222",258,0.252684293900113,0.502677126891719,0.409724756116808,0.321630159073901,0.237999779806656,0.332751868958746,0.70261917234154
"223",259,0.253367382204171,0.503356118671633,0.410244774188243,0.322774532909126,0.237999779806656,0.333785834031817,0.703823991618649
"224",260,0.252666885830998,0.502659811235191,0.409699586517163,0.322877135695039,0.238516565189946,0.333360421830062,0.703614457831325
"225",261,0.252028179791955,0.502024082880448,0.409900409097044,0.323181135145175,0.239505019916867,0.333851107819953,0.703066812705367
"226",262,0.253862865327771,0.5038480577791,0.411619132967881,0.324393326591913,0.242829004756429,0.33532316975245,0.70261917234154
"227",263,0.254448439411313,0.504428824921131,0.412059776521829,0.324761868261681,0.242915117629232,0.335901890592146,0.703195390256679
"228",264,0.253802656260888,0.503788305006069,0.41138044839274,0.323951062462226,0.242748871937659,0.335221679314458,0.705622489959839
"229",265,0.255467944212855,0.50543836836241,0.412905498504925,0.325587042793856,0.242915117629232,0.336784605087583,0.706076479832373
"230",266,0.256376044024764,0.506335900391,0.413947933075884,0.327117623179284,0.245829100499017,0.338202866116006,0.705722891566265
"231",267,0.256649197629153,0.506605564151395,0.41455184557842,0.327767597961812,0.248660735891727,0.338139528786999,0.703915662650602
"232",268,0.257790360251605,0.507730598104551,0.416090179009427,0.328976545475932,0.252175417081382,0.338593931953101,0.700995285489785
"233",269,0.25914063988081,0.509058581973441,0.417537036957331,0.330098527834629,0.252591880297208,0.340134363947156,0.7013143483023
"234",270,0.259336462981493,0.50925088412441,0.417758023845054,0.330100317545619,0.255005334106813,0.340444512348538,0.701549053356282
"235",271,0.259035340171694,0.508955145540051,0.417539813178663,0.330004117874999,0.256205228211078,0.340770351646541,0.704016064257028
"236",272,0.261304005180486,0.511179034371017,0.419476255226629,0.332024495748133,0.257070044115351,0.342615642774647,0.703313253012048
"237",273,0.26297572055984,0.512811583878368,0.421566536763079,0.334605504685868,0.258863391315876,0.344977307232567,0.703463855421687
"238",274,0.263541115635079,0.513362557687137,0.422675178147424,0.335527204304976,0.258956544626149,0.34532321717802,0.704714510214772
"239",275,0.26401689359285,0.513825742438864,0.423596570800436,0.335931121969813,0.259206911182102,0.345343227777277,0.704347826086956
"240",276,0.265386311058786,0.515156588872535,0.425443997082692,0.337151983356849,0.259628289448674,0.347122169114164,0.705585980284776
"241",277,0.266464389570112,0.516201888382939,0.42625799161957,0.337684670561959,0.259685104421255,0.348692831991484,0.705762179151388
"242",278,0.267024528293998,0.516744161354531,0.426374711329515,0.337285445166476,0.259475528627515,0.349037901636802,0.704400209533787
"243",279,0.269403549428377,0.519040990123494,0.428253081261937,0.338679783829402,0.259527060615262,0.350667755665479,0.703112449799197
"244",280,0.270989827617096,0.520566832997547,0.429870782017942,0.340660452537764,0.259685104421255,0.352534094717127,0.704347826086957
"245",281,0.270233678053425,0.519840050451507,0.429511599842608,0.340574905490468,0.259685104421255,0.352063441262045,0.706024096385542
"246",282,0.27040525798359,0.520005055728874,0.430485164128657,0.340875351074014,0.259982026043402,0.352036581069288,0.706877510040161
"247",283,0.270133748155372,0.519743925558897,0.430892871373428,0.341234948991865,0.261033214818586,0.353162467779982,0.708777969018932
"248",284,0.270667155886718,0.520256817241945,0.43101648075358,0.341008597397194,0.261033214818586,0.354476842115659,0.710843373493976
"249",285,0.271728202262189,0.521275553102377,0.431421815245279,0.340818944265686,0.260593354354521,0.355808630342005,0.711681508643269
"250",286,0.273323948383802,0.522803929196981,0.432620765877601,0.341861261704738,0.260130414833613,0.356930076615509,0.714038763750655
"251",287,0.275602385355702,0.524978461801722,0.434760547593503,0.343931521014882,0.261033214818586,0.358964888101609,0.713148245154531
"252",288,0.274162726709795,0.523605506760381,0.434096830323822,0.343135251521316,0.261033214818586,0.358298157809412,0.715224534501643
"253",289,0.274164178862305,0.523606893444218,0.435010062419862,0.343488554192508,0.261509884689731,0.358721270233302,0.716396018858041
"254",290,0.274218982426393,0.523659223566618,0.435294069275345,0.343371650321973,0.26140934406655,0.359558213776863,0.71960569550931
"255",291,0.274336849303115,0.523771753059589,0.435113938900956,0.342895352911026,0.260593354354521,0.360032545478615,0.721248630887185
"256",292,0.274101355335625,0.523546898888366,0.434783594265503,0.341988206833095,0.259528176283182,0.35991204108473,0.723001095290252
"257",293,0.276072515545932,0.525426032421245,0.436366596949089,0.343359776950195,0.25963652324351,0.361203020958765,0.72352016762703
"258",294,0.276080375221513,0.52543351170392,0.43665933657931,0.344209958529856,0.259528176283182,0.362290798155767,0.725667888947093
"259",295,0.274126849511063,0.523571245878785,0.435494216138329,0.343350502390066,0.259051683540854,0.361326029650377,0.727606076479833
"260",296,0.273371065155536,0.522848988863454,0.435596939983293,0.3429151650334,0.259285363670639,0.360688968598411,0.730172865374542
"261",297,0.273143032020869,0.52263087549519,0.435977907874871,0.34293354807658,0.259051683540854,0.361328036864912,0.73368017524644
"262",298,0.272339765043162,0.521861825623566,0.434848041586583,0.341985473524563,0.258328858415568,0.360773486874707,0.737751004016064
"263",299,0.270890142272692,0.520471077268173,0.433549330265936,0.34080635308932,0.256760931467589,0.359565172664962,0.740020953378732
"264",300,0.271180990444429,0.520750410892233,0.434152476470571,0.341585437991349,0.256403237857151,0.360457927006682,0.740854326396495
"265",301,0.272246645568201,0.521772599480081,0.435682235822598,0.343529605224156,0.25691337708293,0.362506093402963,0.740754321634363
"266",302,0.271921845263532,0.521461259599917,0.435790766171651,0.343278223925463,0.257424459541352,0.361710564964094,0.741867469879518
"267",303,0.271299193928416,0.52086389194147,0.435762654912452,0.342550901787106,0.256403237857151,0.360771813643962,0.743318729463308
"268",304,0.270411629298912,0.520011181897959,0.435522736410003,0.34184168241761,0.256403237857151,0.360910143049588,0.746414228341939
"269",305,0.268705695219524,0.518368300747185,0.43395499704399,0.340282035951866,0.256403237857151,0.360326190580198,0.751118760757315
"270",306,0.268478290569545,0.518148907718182,0.433953582831579,0.339694502948903,0.257424459541352,0.36026714331226,0.752208835341366
"271",307,0.269156870214983,0.518803305902134,0.434734386249482,0.340220522652124,0.257424459541352,0.360898225698798,0.752802514405448
"272",308,0.269372732031123,0.519011302411733,0.435257003780947,0.340785547642521,0.258672941681755,0.361471161976078,0.753669222343921
"273",309,0.269239359424204,0.518882799314262,0.435345321103953,0.340324194691372,0.257769802855591,0.360511223512538,0.754740701938187
"274",310,0.268824205761405,0.518482599285072,0.435093748594764,0.339502878110034,0.257657416123079,0.359732444501235,0.756516976998904
"275",311,0.268634117258397,0.518299254541618,0.434937154824033,0.338563013003694,0.25724308668306,0.358682050665147,0.758543263964951
"276",312,0.268107619084554,0.517791095988096,0.434316193162175,0.337776566999308,0.25724308668306,0.35833612415866,0.760921948664222
"277",313,0.267684044101649,0.517381913195319,0.433623110173166,0.336728859605152,0.25724308668306,0.357812043267389,0.761602933473022
"278",314,0.266917642656794,0.516640728801741,0.433105473434489,0.336241800052063,0.25634756292458,0.357738453235297,0.764850707176532
"279",315,0.267444128399172,0.517150005703541,0.433745438655178,0.336938331343927,0.255824495791392,0.358093104751946,0.766374589266156
"280",316,0.267765467263815,0.517460594889906,0.433968599724651,0.336712141133229,0.255431603348375,0.357221245693931,0.766265060240964
"281",317,0.268064741042262,0.51774968956269,0.434482855435519,0.336359158168144,0.255431603348375,0.356449845841483,0.76592082616179
"282",318,0.268638860784747,0.518303830571169,0.435407186570247,0.336559945549689,0.255824495791392,0.357187364071947,0.767522262964903
"283",319,0.268918495970054,0.518573520313228,0.435465761919059,0.336349763671212,0.255431603348375,0.357256100661325,0.767850348763475
"284",320,0.270018840797848,0.519633371520583,0.436128982862655,0.335905410300848,0.254989046688667,0.35721481137828,0.765361445783133
"285",321,0.271277270286242,0.520842846054586,0.437393911296185,0.336912774390639,0.254676311135178,0.358218308026755,0.764222105814563
"286",322,0.271718683070098,0.521266422350508,0.437976708097055,0.337720585649697,0.254985941668236,0.359039174377795,0.765361445783132
"287",323,0.272375249505415,0.521895822464038,0.43850857077522,0.337846403722324,0.254985941668236,0.358486664939847,0.764798323729702
"288",324,0.272650817707069,0.522159762627368,0.43891463998154,0.337510536536721,0.254676311135178,0.357567181474838,0.764676889375685
"289",325,0.274026300992261,0.523475215260724,0.44040852139925,0.33819612938193,0.255464024402592,0.358523011544187,0.765169769989047
"290",326,0.274968533915957,0.524374421492846,0.440948789478114,0.338321047042986,0.25615175348369,0.358940806995278,0.765936473165388
"291",327,0.277263868364067,0.526558513713402,0.442424221351302,0.338975761991734,0.256624339702504,0.359856974078637,0.763960188580408
"292",328,0.278296023326735,0.527537698488682,0.443104355130351,0.339583259787989,0.25724308668306,0.360438833216305,0.763253012048193
"293",329,0.278939012265454,0.528146771518537,0.443635369774656,0.340496620623621,0.2577697098854,0.361265263619704,0.763331587218439
"294",330,0.277847246829144,0.52711217670354,0.442692860328244,0.339944197876861,0.2577697098854,0.360157709165293,0.763436354112101
"295",331,0.278150955029441,0.527400184897048,0.442946653555282,0.33947199869703,0.259464656283175,0.358386816254721,0.763109581181871
"296",332,0.280543022489039,0.529663121700047,0.44516915577173,0.340422689128606,0.260187494769608,0.359750073124631,0.762493452069146
"297",333,0.281692669259345,0.530747274377688,0.445676480954214,0.340570690240752,0.260829004749185,0.360216275767154,0.761550550026192
"298",334,0.284072435906452,0.532984461224201,0.446952870588244,0.341126709072661,0.262431079526342,0.361275784867215,0.760083813514929
"299",335,0.286230201574091,0.535004861262112,0.448277752624306,0.34215099255542,0.263827465254469,0.362410880144485,0.758347676419965
"300",336,0.28773506976941,0.536409423639639,0.449185982935082,0.343066850065638,0.264128187910283,0.363738623713389,0.758250392875851
"301",337,0.288102350097148,0.536751665202026,0.448998186941398,0.342413310034602,0.263827465254469,0.362591086638953,0.758132530120482
"302",338,0.287818169397329,0.536486877190234,0.448637161748598,0.341502206415175,0.264128187910283,0.36183162317096,0.758512310110005
"303",339,0.28906766404347,0.537650131631594,0.449330260150765,0.341348174223549,0.264497378250968,0.362458381643145,0.759552495697074
"304",340,0.291386414233032,0.539802199173949,0.450328226253392,0.341801599181869,0.266210388247869,0.363252378402119,0.760188580408591
"305",341,0.294277742174475,0.542473724870131,0.451345569410751,0.342041638395474,0.266210388247869,0.363961562460808,0.759802847754655
"306",342,0.295739243694077,0.543819127738329,0.451354634803905,0.342235373531911,0.267242577640622,0.364290567765965,0.761746987951807
"307",343,0.297181013422593,0.545143112790204,0.451919251867609,0.34299967187777,0.266210388247869,0.365179018970814,0.7627553693033
"308",344,0.297512450863594,0.545447019300311,0.451584664914118,0.342196062698394,0.265208014205084,0.364009719865865,0.766265060240964
"309",345,0.297601953315093,0.545529058176641,0.451314731776541,0.34106630170673,0.266210388247869,0.362941430353432,0.769769989047098
"310",346,0.29741362849524,0.545356423355625,0.450756673712965,0.340429911906138,0.266210388247869,0.3630494251247,0.772805507745267
"311",347,0.299244800964581,0.547032723851673,0.451523390746853,0.340981458613466,0.2681225306745,0.363981163506614,0.773666092943202
"312",348,0.300910232992531,0.548552853417545,0.451918628040307,0.341315357830151,0.27102450619503,0.36502695698768,0.775432163436354
"313",349,0.30126772181345,0.54887860389475,0.451463452814344,0.341287194261205,0.271472012775147,0.364973440883452,0.778614457831325
"314",350,0.301304867088505,0.548912440274863,0.451226257773687,0.341664699367228,0.273143824235118,0.365633781146159,0.781927710843373
"315",351,0.301354797733155,0.548957919820048,0.451103698178012,0.341305383988853,0.276296287438661,0.364714616055392,0.782960413080895
"316",352,0.300044479686413,0.54776316021289,0.45017322121274,0.340255182287335,0.276296287438661,0.363861767176375,0.785323110624315
"317",353,0.300264102760786,0.547963596200319,0.450406424700717,0.340019896140374,0.277051441451016,0.364350034942784,0.787532739654269
"318",354,0.300397446164037,0.548085254466891,0.450102234830209,0.339663736313357,0.277827790427688,0.364518737705851,0.788608981380066
"319",355,0.301593841058061,0.549175601295306,0.450104252769108,0.339669739691748,0.278595463683744,0.364784626730911,0.788927137119908
"320",356,0.301216499514274,0.54883194104778,0.449230793077283,0.339600282413702,0.278595463683744,0.364301533239113,0.791199580932425
"321",357,0.300509324606927,0.548187307958627,0.448558432931769,0.339645974199723,0.278595463683744,0.36449336378217,0.792718700890518
"322",358,0.300358308592989,0.548049549395845,0.448065932155305,0.338870740086521,0.278492454341254,0.363250135969232,0.793871136720797
"323",359,0.299242622957043,0.547030733101023,0.447066608081764,0.337775016104341,0.277972611053624,0.362500270036988,0.796276013143483
"324",360,0.298801624567175,0.546627500741753,0.446843695071757,0.337359850069349,0.277373420925909,0.362882661083515,0.797537977998953
"325",361,0.300277564940065,0.547975879888946,0.447731393663311,0.338392079328972,0.278433897978402,0.363951030100214,0.796542692509167
"326",362,0.30108450673763,0.548711679060716,0.448058709883161,0.338779455982688,0.279069057389248,0.364542484122837,0.794633077765608
"327",363,0.299302904876452,0.547085829533586,0.446692259541392,0.338607756405197,0.279528136418248,0.364031842055029,0.79607124148769
"328",364,0.298556735209647,0.546403454609913,0.446173355116334,0.338984439281436,0.279069057389248,0.364492984520471,0.798493975903614
"329",365,0.298778296124892,0.546606161806554,0.446143008865287,0.338596711919571,0.278433897978402,0.363670462532271,0.798795180722891
